Bancs;camera;zone;Pop;5_degres_C_TMG_h;5_degres_C_TMG_j;Aire_sous_la_courbe;15_j;16 _j;17_j;18 _j;19_j ;20 _j;21_j
3;1;11;Témoin;414,00;17,25;2652;4;16;20;24;32;36;40
3;2;11;Témoin;430,86;17,95;2652;0;4;4;12;24;28;28
3;3;11;Témoin;382,86;15,95;2652;8;12;20;20;20;24;28
3;4;11;Témoin;420,00;17,50;2652;4;4;4;4;12;16;16
4;1;11;Témoin;432,89;18,04;2646;4;4;16;16;24;32;36
4;2;11;Témoin;413,82;17,24;2646;8;12;20;32;36;36;44
4;3;11;Témoin;446,80;18,62;2646;4;4;8;16;20;24;40
4;4;11;Témoin;429,60;17,90;2646;0;0;8;8;12;20;20
3;1;11;Témoin;354,22;14,76;5731,2;16;28;28;32;36;36;36
3;2;26;Témoin;377,78;15,74;5731,2;12;20;20;20;32;36;36
3;3;31;Témoin;382,93;15,96;5731,2;20;32;40;52;56;56;60
3;4;46;Témoin;386,91;16,12;5731,2;8;24;32;36;36;36;44
3;3;31;Témoin;382,00;15,92;5731,2;16;24;40;40;44;44;48
4;1;11;Témoin;369,60;15,40;5536;8;16;32;36;40;40;40
4;2;36;Témoin;407,20;16,97;2016;0;8;12;16;20;20;20
4;3;21;Témoin;419,56;17,48;3184;4;8;12;24;32;32;36
4;4;46;Témoin;416,00;17,33;2944;8;12;16;16;24;32;32
4;2;26;Témoin;393,54;16,40;5952;4;24;32;36;44;48;52
3;1;41;Témoin;399,43;16,64;3126,4;4;12;20;20;24;28;28
3;2;36;Témoin;405,78;16,91;3126,4;8;16;20;24;32;32;36
3;3;21;Témoin;387,43;16,14;3126,4;12;20;20;24;24;28;28
3;4;16;Témoin;409,60;17,07;3126,4;0;4;12;16;16;20;20
3;3;21;Témoin;411,20;17,13;3126,4;4;8;24;32;32;40;40
3;2;36;Témoin;381,14;15,88;2504;8;16;24;28;28;28;28
3;3;21;Témoin;380,00;15,83;2352;4;4;12;12;12;12;12
3;1;11;Témoin;435,33;18,14;1868;0;0;8;12;20;20;24
3;3;31;Témoin;404,00;16,83;1868;4;8;16;16;16;16;20
4;1;41;Témoin;396,00;16,50;2240;4;4;8;16;20;20;20
4;2;26;Témoin;434,00;18,08;1776;0;4;4;12;20;20;24
4;3;31;Témoin;395,00;16,46;1808;8;8;8;12;12;12;16
4;4;16;Témoin;397,00;16,54;3552;4;12;20;28;28;28;32
4;2;36;Témoin;432,50;18,02;2416;4;12;12;16;16;24;32
4;2;26;Témoin;488,00;20,33;160;0;0;0;0;0;4;8
4;3;31;Témoin;372,00;15,50;2720;12;12;12;12;12;20;20
4;2;36;Témoin;410,67;17,11;4248;4;8;16;28;36;36;36
4;4;46;Témoin;365,33;15,22;4248;12;20;28;32;36;36;36
3;1;14;803;408,00;17,00;2352;0;4;16;20;20;24;24
3;1;32;803;397,14;16,55;3048;8;8;16;24;28;28;28
3;1;25;803;385,67;16,07;5776;20;24;32;36;40;44;48
4;4;44;803;426,50;17,77;2544;4;12;16;16;20;20;32
4;4;41;803;416,00;17,33;2880;0;4;12;20;32;32;32
3;1;26;803;388,86;16,20;6560;8;28;32;40;52;56;56
4;4;43;803;400,80;16,70;4208;8;16;24;28;36;40;40
4;1;23;803;444,57;18,52;1720;4;4;8;12;12;16;28
3;3;12;803;391,00;16,29;5520;20;24;28;36;44;44;48
4;2;41;803;408,00;17,00;3920;8;16;20;20;32;32;40
3;4;45;803;397,71;16,57;6064;4;24;44;44;48;56;56
4;4;24;803;384,00;16,00;5856;16;36;40;40;40;48;48
3;3;32;803;395,25;16,47;7088;16;36;44;48;52;60;64
3;2;25;803;378,15;15,76;6648;20;32;44;48;52;52;52
3;4;12;803;418,40;17,43;1752;0;4;12;16;16;16;20
3;2;12;803;391,14;16,30;6432;24;24;28;44;48;56;56
3;4;45;803;401,14;16,71;2936;0;12;20;24;28;28;28
3;1;42;803;382,13;15,92;7432;16;32;52;52;56;60;60
3;4;15;803;406,29;16,93;5584;12;16;28;48;48;52;56
3;2;34;803;388,00;16,17;4248;12;20;20;20;36;36;36
3;4;34;803;415,33;17,31;4352;0;12;24;36;40;44;48
4;3;25;803;416,57;17,36;2504;0;8;16;16;24;28;28
4;4;26;803;378,67;15,78;6112;12;24;40;44;44;48;48
4;3;43;803;364,00;15,17;4544;16;16;20;24;28;28;32
3;1;31;803;332,00;13,83;696;4;4;4;4;4;4;4
3;2;14;803;353,78;14,74;5480;12;20;32;36;36;36;36
3;3;46;803;394,86;16,45;3112;4;12;20;24;28;28;28
3;3;35;803;384,00;16,00;4392;12;28;28;32;32;32;36
4;3;33;803;422,00;17,58;2688;0;4;12;20;28;32;32
3;1;34;803;411,20;17,13;1896;4;8;8;12;12;20;20
3;2;16;803;408,50;17,02;3120;4;8;16;24;28;28;32
4;2;16;803;357,33;14,89;1784;8;12;12;12;12;12;12
3;4;26;803;410,67;17,11;1144;0;8;8;8;8;12;12
3;4;33;803;414,22;17,26;3304;4;12;16;24;28;32;36
3;3;15;803;418,55;17,44;3848;0;8;16;32;40;44;44
4;2;44;803;437,33;18,22;2472;4;4;8;16;16;24;36
3;3;35;803;383,60;15,98;4896;12;24;36;36;36;40;40
3;1;24;803;345,00;14,38;5152;12;16;24;28;32;32;32
4;2;44;803;386,67;16,11;2864;8;8;12;20;24;24;24
4;1;24;803;386,35;16,10;8136;24;36;48;64;64;64;68
4;3;16;803;403,33;16,81;7392;20;24;40;48;60;60;72
4;1;23;803;387,00;16,13;3808;12;12;20;24;28;28;32
3;2;21;803;446,55;18,61;2616;0;4;4;12;28;40;44
4;2;14;803;460,00;19,17;552;0;0;0;4;8;8;12
4;1;22;803;386,15;16,09;6232;12;24;40;48;48;52;52
3;3;13;803;414,67;17,28;2192;4;4;12;12;20;24;24
4;2;12;803;404,00;16,83;408;0;0;4;4;4;4;4
3;2;11;803;403,00;16,79;1648;0;8;12;12;12;16;16
3;2;23;803;386,50;16,10;7648;4;20;48;56;60;64;64
3;1;14;803;404,27;16,84;6104;16;20;28;44;52;52;60
3;1;25;803;395,20;16,47;4432;8;20;24;32;32;36;40
3;2;45;803;386,00;16,08;3840;8;12;20;32;32;32;32
3;1;21;803;374,46;15,60;6840;24;32;36;44;44;48;52
4;1;26;803;413,20;17,22;3712;4;12;20;32;32;36;40
4;4;16;803;400,33;16,68;5072;16;20;24;32;44;48;48
3;2;44;803;364,50;15,19;4528;12;28;28;28;32;32;32
4;1;31;803;382,00;15,92;3968;12;20;28;28;32;32;32
3;4;44;803;359,40;14,98;11728;40;64;76;80;80;80;80
4;3;21;803;356,25;14,84;9584;32;52;52;56;64;64;64
3;2;46;803;373,09;15,55;5848;16;32;36;44;44;44;44
4;3;41;803;382,00;15,92;6944;12;32;40;56;56;56;56
3;1;44;803;374,22;15,59;4744;20;24;28;28;32;32;36
3;1;22;803;369,07;15,38;8216;28;36;56;56;60;60;60
4;4;41;803;385,56;16,06;8672;32;40;52;56;60;64;72
4;2;13;803;403,38;16,81;5336;0;16;36;44;44;52;52
3;3;23;803;384,24;16,01;8280;24;36;48;56;64;68;68
4;4;12;803;405,50;16,90;6432;12;20;44;48;56;60;64
4;2;42;803;399,47;16,64;6392;8;24;40;48;56;60;60
4;3;31;803;372,50;15,52;4272;12;12;20;28;28;32;32
4;3;35;803;313,00;13,04;3088;8;12;12;12;12;16;16
4;1;31;803;419,00;17,46;4176;4;16;24;32;32;44;48
3;2;31;803;405,54;16,90;5224;4;12;28;40;48;52;52
4;2;33;803;433,33;18,06;872;0;0;0;8;8;12;12
3;1;42;803;394,00;16,42;3584;4;12;24;28;32;32;32
4;3;24;803;423,33;17,64;1984;0;4;12;16;20;20;24
3;4;23;803;393,71;16,40;6288;12;16;32;44;48;52;56
3;3;25;803;373,33;15,56;7960;24;40;40;52;60;60;60
4;2;45;803;401,09;16,71;4616;8;12;20;24;32;44;44
3;1;15;803;392,67;16,36;5440;16;20;36;40;44;48;48
3;2;13;803;389,71;16,24;3256;4;8;24;28;28;28;28
4;3;42;803;372,86;15,54;7456;16;28;40;48;52;56;56
4;4;24;803;388,00;16,17;6608;16;32;40;44;44;56;56
3;4;25;803;404,00;16,83;4488;8;12;20;32;36;44;44
3;3;36;803;381,25;15,89;7984;20;32;44;52;56;60;64
3;1;43;803;367,56;15,31;4984;12;28;32;36;36;36;36
3;1;33;803;410,40;17,10;1912;4;4;8;12;20;20;20
3;2;26;803;372,73;15,53;5864;12;24;32;40;40;44;44
4;3;22;803;410,00;17,08;3072;0;8;16;24;32;32;32
3;3;41;803;344,33;14,35;7760;36;44;48;48;48;48;48
4;4;24;803;410,00;17,08;2304;4;4;12;20;24;24;24
3;3;25;803;360,00;15,00;8176;28;40;48;56;56;56;56
3;2;21;803;397,50;16,56;6944;16;28;36;52;56;64;64
3;3;24;803;376,92;15,71;6712;12;32;40;52;52;52;52
3;3;42;803;392,50;16,35;3632;8;12;16;24;28;32;32
3;2;41;803;399,56;16,65;3832;12;12;20;24;28;28;36
4;2;25;803;460,00;19,17;184;0;0;0;0;0;4;4
4;4;34;803;415,67;17,32;4336;16;16;20;28;32;40;48
3;1;16;803;381,33;15,89;5984;12;28;40;44;48;48;48
4;3;25;803;396,50;16,52;3504;0;12;24;28;32;32;32
3;1;14;803;379,60;15,82;5056;20;28;32;36;36;36;40
4;4;31;803;382,86;15,95;3448;16;16;16;20;28;28;28
4;3;26;803;394,18;16,42;4920;12;24;28;32;40;44;44
3;4;32;803;359,11;14,96;5288;20;24;32;32;36;36;36
3;1;35;803;362,67;15,11;3440;4;20;24;24;24;24;24
3;4;16;803;369,14;15,38;7664;32;40;48;48;48;52;56
4;3;26;803;374,74;15,61;9976;32;44;68;76;76;76;76
4;2;21;803;373,00;15,54;4256;16;20;24;28;32;32;32
4;2;45;803;413,67;17,24;4432;4;12;24;32;36;40;48
3;3;45;803;399,14;16,63;5984;12;24;36;40;48;52;56
3;2;32;803;386,40;16,10;4784;20;28;28;32;32;36;40
3;3;43;803;377,14;15,71;7216;20;28;48;52;56;56;56
4;4;13;803;425,75;17,74;5136;8;12;16;36;48;60;64
4;2;41;803;366,57;15,27;7808;20;28;44;52;56;56;56
4;4;34;803;380,71;15,86;8520;28;44;52;60;64;64;68
3;4;22;803;385,40;16,06;9648;20;36;56;60;68;76;80
4;3;23;803;369,05;15,38;10408;40;44;56;64;68;76;76
4;3;13;803;392,67;16,36;2720;4;12;12;20;24;24;24
3;4;43;803;411,33;17,14;4544;4;12;20;36;40;44;48
3;2;21;803;396,00;16,50;3080;8;16;16;24;28;28;28
4;4;25;803;431,20;17,97;2992;0;12;16;16;24;36;40
3;3;26;803;383,50;15,98;3920;16;16;20;20;32;32;32
4;3;15;803;389,60;16,23;4656;8;20;28;32;40;40;40
3;3;45;803;365,45;15,23;12368;40;64;84;88;88;88;88
4;3;41;803;354,35;14,76;10312;36;48;60;64;64;68;68
4;3;36;803;404,00;16,83;3264;8;12;20;20;28;28;32
4;1;15;803;405,60;16,90;4016;4;16;24;28;32;36;40
4;1;16;803;370,80;15,45;5408;16;24;32;36;40;40;40
4;1;46;803;390,40;16,27;2312;0;8;16;20;20;20;20
3;4;41;803;364,00;15,17;4544;16;20;20;24;28;28;32
4;3;34;803;422,00;17,58;1344;0;0;4;12;16;16;16
3;1;11;803;388,00;16,17;5192;20;20;24;32;36;44;44
4;4;45;803;412,67;17,19;2240;4;8;8;16;20;24;24
3;1;43;803;386,55;16,11;5256;20;20;32;36;40;44;44
4;4;42;803;418,29;17,43;2456;0;8;16;16;20;24;28
3;1;13;803;362,86;15,12;8016;28;44;48;52;56;56;56
3;4;24;803;394,67;16,44;4008;12;16;24;28;28;36;36
3;2;43;803;402,18;16,76;4568;12;24;28;32;36;36;44
3;4;41;803;378,40;15,77;5104;12;20;28;40;40;40;40
3;2;33;803;371,43;15,48;7536;32;44;48;48;52;56;56
4;4;35;803;392,00;16,33;5928;8;24;36;44;52;52;52
4;1;22;803;389,33;16,22;7000;12;32;36;52;52;56;60
3;3;13;803;371,47;15,48;8072;32;44;48;52;56;60;60
3;1;46;803;404,57;16,86;2840;8;12;20;20;24;24;28
3;4;11;803;414,67;17,28;2192;0;4;16;16;24;24;24
3;3;23;803;399,71;16,65;5952;8;20;36;44;56;56;56
3;4;15;803;368,73;15,36;6040;16;28;32;32;40;44;44
4;1;12;803;361,45;15,06;6360;16;28;40;44;44;44;44
4;2;31;803;372,36;15,52;5880;24;36;36;40;44;44;44
3;3;33;803;379,71;15,82;7072;28;36;44;48;52;52;56
4;4;32;803;385,07;16,04;7256;12;32;44;56;56;60;60
3;4;25;803;395,29;16,47;7528;16;32;36;40;56;60;68
4;2;15;803;404,27;16,84;6104;4;20;28;52;56;60;60
3;1;21;803;367,00;15,29;4448;8;20;28;28;28;32;32
3;2;22;803;392,00;16,33;5928;12;20;36;48;48;52;52
3;3;32;803;396,67;16,53;5248;12;24;28;32;40;48;48
3;4;23;803;388,29;16,18;6592;24;24;44;44;48;52;56
4;4;44;803;368,47;15,35;9352;40;44;56;56;60;64;68
3;2;31;803;366,40;15,27;8376;20;40;48;52;56;56;60
3;2;36;803;408,33;17,01;4688;4;8;32;36;36;40;48
3;4;31;803;400,00;16,67;6360;20;28;36;44;52;52;60
3;3;33;803;377,60;15,73;5136;16;20;32;36;40;40;40
4;4;13;803;389,71;16,24;3256;8;12;16;28;28;28;28
4;4;34;803;424,00;17,67;2952;0;8;20;24;28;28;36
3;4;13;803;371,50;15,48;8608;32;44;52;60;64;64;64
4;3;15;803;362,00;15,08;9216;28;52;56;56;64;64;64
4;3;22;803;376,67;15,69;3104;8;16;20;20;20;20;24
4;1;34;803;393,85;16,41;5832;28;28;28;36;44;52;52
3;4;46;803;353,88;14,75;10344;48;48;60;68;68;68;68
4;3;22;803;356,21;14,84;11384;48;60;68;72;76;76;76
4;3;14;803;433,14;18,05;2040;0;4;12;12;16;24;28
3;2;23;803;373,20;15,55;5312;16;32;36;36;40;40;40
4;2;32;803;367,08;15,29;7224;20;20;36;48;52;52;52
3;3;23;803;371,27;15,47;5928;20;24;32;36;36;44;44
3;4;31;803;381,71;15,90;3480;8;12;24;24;28;28;28
4;4;11;803;384,00;16,00;1952;8;8;12;12;16;16;16
4;1;41;803;406,00;16,92;2400;4;4;12;16;20;24;24
3;2;43;803;349,00;14,54;7536;32;44;44;48;48;48;48
3;3;16;803;380,67;15,86;3008;8;12;20;20;24;24;24
3;4;24;803;401,14;16,71;2936;8;16;20;20;20;24;28
3;2;14;803;420,00;17,50;2408;4;8;8;12;24;28;28
3;2;36;803;379,20;15,80;5072;8;20;32;40;40;40;40
3;2;26;803;368,63;15,36;10440;36;56;64;72;72;76;76
4;3;14;803;383,43;15,98;10296;24;44;68;72;76;80;84
4;2;43;803;404,44;16,85;3656;8;12;16;20;36;36;36
3;4;12;803;360,44;15,02;10480;32;48;60;60;64;72;72
4;3;32;803;367,76;15,32;9400;24;60;60;64;68;68;68
4;1;13;803;374,29;15,60;3688;8;12;20;28;28;28;28
4;2;13;803;446,00;18,58;2400;0;0;4;12;24;40;40
3;1;22;803;397,71;16,57;3032;0;12;20;24;28;28;28
4;4;41;803;416,80;17,37;3568;4;16;20;24;32;40;40
4;1;45;803;410,86;17,12;2664;8;8;12;16;24;28;28
3;1;23;803;395,20;16,47;2216;8;8;16;16;16;16;20
3;4;42;803;376,00;15,67;2080;4;12;12;16;16;16;16
3;1;36;803;402,15;16,76;5400;12;28;28;36;44;44;52
4;2;24;803;437,20;18,22;2752;0;8;8;16;28;36;40
3;1;16;803;374,29;15,60;3688;12;20;20;20;24;28;28
3;1;15;803;351,00;14,63;4960;16;28;28;28;28;32;32
3;3;46;803;430,00;17,92;1216;0;0;4;8;16;16;16
3;2;24;803;413,43;17,23;5184;4;20;24;32;48;56;56
4;1;21;803;353,71;14,74;12792;32;44;60;72;76;84;84
4;3;42;803;335,60;13,98;13632;56;56;72;76;76;76;80
4;3;35;803;406,00;16,92;7200;8;32;40;56;60;64;72
4;2;35;803;404,57;16,86;5680;12;16;24;36;44;56;56
3;1;23;803;388,50;16,19;7520;16;28;40;56;64;64;64
3;3;43;803;388,25;16,18;7536;20;28;36;52;60;64;64
4;2;23;803;419,80;17,49;6896;4;16;32;56;64;72;80
3;1;13;803;378,10;15,75;10744;44;52;60;64;72;80;84
4;3;25;803;378,82;15,78;8648;24;40;60;64;64;64;68
3;2;12;803;366,46;15,27;7256;16;32;36;48;52;52;52
3;1;26;803;342,13;14,26;9832;32;40;52;56;60;60;60
3;2;13;803;347,14;14,46;8896;28;48;56;56;56;56;56
4;4;12;803;379,50;15,81;8096;16;36;56;60;64;64;64
4;1;34;803;435,53;18,15;4792;0;12;24;36;44;52;68
3;2;33;803;366,59;15,27;9480;24;32;44;64;64;64;68
4;4;25;803;394,74;16,45;8456;16;32;36;68;76;76;76
3;2;41;803;391,33;16,31;8256;24;32;52;64;64;72;72
4;4;42;803;417,23;17,38;4616;12;16;24;32;36;44;52
3;1;46;803;374,40;15,60;7896;28;36;48;52;56;56;60
4;2;33;803;405,78;16,91;7216;12;24;28;44;60;72;72
3;2;46;803;376,38;15,68;10888;28;48;56;80;84;84;84
4;4;22;803;377,71;15,74;10776;40;52;72;76;84;84;84
3;1;35;803;374,00;15,58;10560;28;52;64;76;80;80;80
4;3;24;803;396,00;16,50;7920;20;36;44;60;68;68;72
4;1;33;830;369,75;15,41;8720;28;36;48;52;64;64;64
3;1;33;830;395,29;16,47;7528;16;24;36;52;52;64;68
4;2;13;830;368,57;15,36;7696;36;40;48;52;52;52;56
3;1;13;830;376,71;15,70;8792;36;40;44;52;60;68;68
4;4;15;830;378,32;15,76;9704;32;48;60;64;72;76;76
4;3;14;830;359,25;14,97;9392;32;52;56;60;60;64;64
4;4;16;830;372,89;15,54;9584;32;40;60;68;72;72;72
3;3;24;830;381,43;15,89;6976;16;28;36;56;56;56;56
3;4;42;830;380,31;15,85;6536;24;24;36;40;48;52;52
3;4;23;830;355,25;14,80;9648;40;52;56;60;60;64;64
3;4;44;830;391,33;16,31;5504;12;28;36;40;44;44;48
3;4;34;830;413,60;17,23;5544;12;16;24;40;48;52;60
3;4;13;830;412,36;17,18;4120;4;16;20;24;40;44;44
4;4;33;830;382,22;15,93;8912;24;48;56;60;64;64;72
3;3;45;830;371,14;15,46;7552;20;32;44;48;52;56;56
4;1;35;830;381,54;15,90;6472;28;32;40;44;52;52;52
3;4;41;830;419,43;17,48;4848;8;16;24;36;44;48;56
4;3;22;830;395,14;16,46;6208;8;28;36;48;48;56;56
3;4;33;830;344,00;14,33;9072;28;44;48;52;56;56;56
3;3;26;830;361,00;15,04;6960;28;32;36;48;48;48;48
4;3;16;830;324,53;13,52;10888;36;44;48;56;60;60;60
3;1;43;830;354,93;14,79;9064;36;40;52;52;56;56;60
4;1;31;830;320,25;13,34;11888;48;48;52;52;60;60;64
3;3;15;830;321,71;13,40;10320;40;40;40;44;48;56;56
3;1;26;830;356,29;14,85;8384;24;32;40;44;52;52;56
4;3;45;830;327,47;13,64;10712;40;40;44;48;48;56;60
4;3;44;830;296,75;12,36;13392;52;52;60;64;64;64;64
3;3;32;830;328,80;13,70;10632;36;44;52;52;52;60;60
4;3;35;830;360,47;15,02;9896;20;48;52;56;64;68;68
4;1;34;830;358,91;14,95;6472;20;28;32;44;44;44;44
3;1;24;830;364,53;15,19;8488;28;36;48;52;56;60;60
3;4;45;830;368,86;15,37;7680;20;36;40;48;52;52;56
3;3;34;830;437,07;18,21;4136;0;8;20;36;40;44;60
3;2;16;830;355,14;14,80;8448;28;48;52;52;56;56;56
4;1;22;830;404,00;16,83;3264;8;8;16;28;32;32;32
4;1;12;830;405,00;16,88;8080;16;32;48;60;68;76;80
4;1;16;830;386,29;16,10;6704;12;32;48;52;52;52;56
3;1;42;830;379,71;15,82;7072;16;32;44;52;52;56;56
3;4;21;830;410,15;17,09;4984;12;20;28;36;40;44;52
4;2;31;830;372,63;15,53;10136;44;48;52;64;76;76;76
3;3;25;830;384,31;16,01;6328;12;28;36;44;52;52;52
4;3;36;830;348,47;14,52;10712;48;56;60;68;68;68;68
4;2;15;830;372,63;15,53;10136;36;40;56;64;72;76;76
4;1;32;830;365,68;15,24;10664;36;56;64;68;72;72;76
4;3;21;830;381,00;15,88;6000;8;24;28;40;44;44;48
3;3;36;830;406,40;16,93;3984;4;12;28;28;32;40;40
4;2;16;830;347,75;14,49;10128;32;52;56;60;64;64;64
4;4;12;830;380,53;15,86;7528;28;28;28;40;52;52;60
3;1;16;830;349,71;14,57;8752;32;40;48;56;56;56;56
3;1;41;830;373,88;15,58;8984;32;40;48;56;60;68;68
4;3;41;830;357,43;14,89;8320;32;36;44;52;52;52;56
4;2;24;830;369,78;15,41;9808;32;56;60;64;64;68;72
3;3;42;830;367,16;15,30;10552;24;40;64;72;76;76;76
3;3;11;830;380,57;15,86;7024;20;28;44;48;56;56;56
4;1;14;830;390,67;16,28;6920;24;28;36;52;52;52;60
4;4;36;830;379,47;15,81;7592;28;40;44;48;60;60;60
3;4;35;830;394,15;16,42;5816;12;24;32;36;44;48;52
3;1;25;830;392,27;16,34;6824;12;24;32;44;52;52;60
4;2;12;830;375,58;15,65;9912;28;48;60;64;72;76;76
3;2;25;830;377,45;15,73;5656;12;24;40;44;44;44;44
4;2;22;830;362,35;15,10;9768;36;60;64;64;68;68;68
3;2;44;830;365,00;15,21;9024;32;36;48;60;60;60;64
3;1;32;830;380,62;15,86;6520;20;28;36;44;44;48;52
3;1;45;830;390,40;16,27;6936;20;32;44;52;56;56;60
4;4;34;830;377,68;15,74;9752;24;36;44;72;72;76;76
4;4;35;830;368,62;15,36;7144;36;36;48;48;52;52;52
3;2;14;830;381,47;15,89;9464;24;44;60;68;72;76;76
4;2;41;830;356,00;14,83;7800;24;44;48;48;48;52;52
4;2;46;830;368,57;15,36;7696;28;36;48;48;48;56;56
4;4;41;830;382,53;15,94;9384;28;44;52;64;68;68;76
4;2;43;830;385,26;16,05;9176;24;48;56;64;68;76;76
4;3;13;830;388,80;16,20;7032;12;28;40;44;56;60;60
3;4;14;830;350,29;14,60;8720;36;40;52;52;52;56;56
3;1;31;830;377,33;15,72;9264;20;48;56;64;64;64;72
4;4;42;830;376,38;15,68;10888;36;56;64;76;76;76;84
3;2;45;830;377,20;15,72;5152;16;20;32;32;36;40;40
4;1;15;830;360,44;15,02;10480;40;52;68;72;72;72;72
4;1;11;830;321,00;13,38;11840;52;52;60;60;60;60;64
4;2;23;830;386,29;16,10;3352;8;12;20;24;28;28;28
3;3;35;830;393,85;16,41;5832;20;28;32;32;40;48;52
4;3;15;830;347,20;14,47;9528;36;40;48;52;56;60;60
4;2;32;830;373,00;15,54;10640;28;52;68;72;76;76;80
4;1;46;830;391,73;16,32;6856;16;28;44;56;60;60;60
3;2;35;830;360,57;15,02;8144;32;36;40;48;56;56;56
4;1;24;830;360,60;15,03;11632;32;60;68;72;72;76;80
3;2;26;830;323,29;13,47;12424;52;60;64;64;68;68;68
4;3;23;830;357,07;14,88;8936;40;56;56;60;60;60;60
4;4;24;830;391,47;16,31;6872;16;28;40;48;52;60;60
4;3;32;830;370,53;15,44;10296;44;52;64;68;68;72;76
3;2;36;830;360,89;15,04;10448;36;56;60;72;72;72;72
4;4;26;830;398,29;16,60;9048;4;32;56;72;80;80;84
3;4;32;830;364,89;15,20;10160;40;52;52;56;64;68;72
4;2;26;830;354,82;14,78;10280;36;48;56;64;68;68;68
4;1;36;830;363,76;15,16;9672;28;40;44;64;68;68;68
4;2;11;830;390,74;16,28;8760;20;44;52;56;64;76;76
3;4;31;830;382,00;15,92;10912;36;52;64;72;80;84;88
4;1;26;830;350,00;14,58;13728;48;68;80;84;88;88;88
4;1;42;830;379,60;15,82;10112;32;40;52;72;76;80;80
4;3;46;830;345,00;14,38;10304;40;48;56;60;64;64;64
3;2;34;830;375,00;15,63;6288;24;36;44;48;48;48;48
4;1;25;830;386,12;16,09;8152;24;32;48;64;64;68;68
4;4;21;830;373,88;15,58;8984;28;52;56;56;60;64;68
3;3;46;830;382,00;15,92;8928;32;40;56;64;64;68;72
3;3;23;830;390,22;16,26;8336;16;28;48;64;68;68;72
4;3;11;830;359,75;14,99;9360;36;44;56;60;60;64;64
4;1;13;830;359,79;14,99;11112;36;56;68;68;72;72;76
4;1;43;830;325,00;13,54;11584;56;60;60;64;64;64;64
3;3;44;830;358,67;14,94;8840;28;48;52;56;56;56;60
3;3;13;830;394,40;16,43;4464;8;16;24;32;36;36;40
4;1;41;830;378,74;15,78;9672;32;36;52;60;68;72;76
3;2;43;830;378,44;15,77;9184;32;40;56;60;64;68;72
4;1;21;830;376,67;15,69;9312;24;44;60;64;64;68;72
3;1;44;830;374,67;15,61;9456;36;48;60;64;68;72;72
4;3;42;830;363,37;15,14;10840;44;64;64;68;72;76;76
3;1;21;830;370,75;15,45;8656;20;44;56;64;64;64;64
4;3;25;830;385,00;16,04;7744;24;36;48;52;56;64;64
3;3;22;830;354,86;14,79;8464;36;48;56;56;56;56;56
4;4;32;830;372,00;15,50;9648;28;52;56;68;68;68;72
4;4;22;830;390,00;16,25;9280;32;48;48;64;68;80;80
3;1;12;830;371,43;15,48;7536;24;40;48;48;52;56;56
3;4;25;830;366,35;15,26;9496;32;48;56;64;68;68;68
3;2;15;830;393,75;16,41;7184;12;28;40;56;60;64;64
4;4;13;830;378,25;15,76;8176;28;44;44;52;56;60;64
4;1;45;830;380,95;15,87;10504;44;52;56;60;72;76;84
3;4;16;830;375,33;15,64;9408;32;36;52;64;72;72;72
3;4;43;830;377,09;15,71;11344;24;48;72;84;88;88;88
4;2;14;830;369,71;15,40;11448;40;52;72;76;80;84;84
3;1;35;830;369,90;15,41;11432;44;60;68;72;80;80;84
4;2;33;830;393,33;16,39;9464;20;40;52;64;76;80;84
3;1;14;830;388,44;16,19;8464;24;32;56;60;68;68;72
3;4;22;830;410,00;17,08;4608;4;16;24;28;40;44;48
4;2;35;830;357,43;14,89;8320;32;52;56;56;56;56;56
4;3;43;830;375,00;15,63;10480;28;56;68;72;80;80;80
3;3;12;830;364,71;15,20;9608;24;36;52;60;60;68;68
4;2;42;830;366,22;15,26;10064;32;52;52;68;72;72;72
3;1;23;830;395,58;16,48;8392;28;36;44;48;72;76;76
4;3;33;830;368,24;15,34;9368;36;56;60;64;68;68;68
4;2;21;830;353,71;14,74;12792;60;72;76;84;84;84;84
4;1;44;830;367,80;15,33;11056;40;56;64;68;76;76;80
4;4;11;830;386,09;16,09;11032;20;60;68;76;84;92;92
4;2;45;830;372,83;15,53;12784;36;60;68;84;88;92;96
3;1;15;830;368,91;15,37;12064;44;68;72;80;84;84;88
4;4;14;830;384,95;16,04;10168;28;44;60;72;80;84;84
4;2;44;830;402,00;16,75;7488;16;36;44;52;56;68;72
3;2;24;830;367,58;15,32;10520;32;56;68;68;68;72;76
3;3;14;830;379,45;15,81;11136;32;56;72;84;88;88;88
3;4;46;830;355,45;14,81;13248;48;76;84;84;84;88;88
3;2;33;830;342,00;14,25;10496;40;44;56;56;64;64;64
3;1;34;830;397,80;16,58;8656;20;32;48;52;72;76;80
3;2;46;830;372,21;15,51;10168;36;48;60;76;76;76;76
3;4;36;830;369,89;15,41;10344;20;44;60;76;76;76;76
4;3;34;830;365,71;15,24;11784;56;64;72;76;80;80;84
3;3;41;830;364,22;15,18;10208;32;40;56;64;68;72;72
3;4;11;830;381,56;15,90;8960;24;40;52;56;64;68;72
3;3;33;830;390,74;16,28;8760;12;32;48;64;68;76;76
3;3;43;830;376,24;15,68;8824;32;44;48;64;68;68;68
3;4;24;830;378,95;15,79;9656;28;44;56;68;72;72;76
3;4;12;830;378,75;15,78;8144;24;40;44;52;60;60;64
4;3;24;830;369,68;15,40;10360;36;52;64;68;68;68;76
3;1;22;830;388,00;16,17;7080;12;20;32;48;60;60;60
3;4;26;830;362,67;15,11;8600;36;48;52;56;56;60;60
4;3;31;830;397,14;16,55;9144;24;32;48;68;80;84;84
4;4;44;830;352,42;14,68;11672;48;64;64;68;68;68;76
4;3;12;830;372,00;15,50;9648;28;44;60;68;72;72;72
4;4;43;830;372,57;15,52;11208;48;52;60;68;68;68;84
4;1;23;830;350,44;14,60;11200;56;56;60;64;64;72;72
4;3;26;830;372,67;15,53;6400;20;28;40;40;40;44;48
3;3;21;830;360,95;15,04;12184;44;68;76;76;80;80;84
4;4;45;830;370,86;15,45;7568;36;36;40;48;48;52;56
3;4;15;830;380,00;15,83;8064;24;32;44;44;56;60;64
3;3;16;830;342,86;14,29;9136;36;44;44;48;52;56;56
4;4;25;830;377,40;15,73;10288;40;44;56;72;72;72;80
4;2;25;830;387,64;16,15;10416;28;44;64;72;76;84;88
4;4;23;830;404,00;16,83;8160;16;28;52;60;64;72;80
4;2;34;830;391,29;16,30;7800;12;28;52;60;64;64;68
4;4;31;830;376,95;15,71;10840;32;60;76;76;80;80;84
4;1;14;802;399,64;16,65;4680;8;20;28;36;36;40;44
4;1;35;802;422,00;17,58;3360;4;8;16;20;32;36;40
3;4;32;802;433,00;18,04;2336;0;4;8;20;20;24;32
3;2;22;802;403,71;16,82;5728;8;20;32;44;56;56;56
3;1;26;802;399,20;16,63;4272;12;20;24;28;28;32;40
4;3;16;802;396,44;16,52;3944;12;16;20;20;24;28;36
4;2;32;802;440,00;18,33;2112;4;4;8;12;12;20;32
3;2;35;802;408,00;17,00;2352;4;12;16;16;20;20;24
4;4;21;802;440,57;18,36;1832;0;0;4;12;20;24;28
4;3;21;802;383,20;15,97;2456;8;8;16;20;20;20;20
3;1;32;802;348,94;14,54;10680;36;52;60;64;68;68;68
4;3;35;802;371,73;15,49;8056;20;36;48;48;48;52;60
4;1;46;802;361,33;15,06;8680;20;24;44;52;56;56;60
4;4;15;802;364,73;15,20;6216;16;24;36;40;44;44;44
4;3;41;802;410,86;17,12;2664;4;12;12;20;20;28;28
4;1;36;802;382,40;15,93;4944;8;16;32;32;36;40;40
3;2;16;802;374,86;15,62;7344;16;28;48;48;52;56;56
3;2;44;802;393,14;16,38;3160;4;8;24;24;24;28;28
4;3;23;802;470,40;19,60;712;0;0;0;4;4;12;20
4;3;42;802;403,00;16,79;4944;12;16;20;32;40;48;48
3;1;15;802;402,67;16,78;3720;8;12;16;28;36;36;36
4;4;15;802;424,57;17,69;4560;0;4;20;36;52;56;56
4;2;22;802;436,00;18,17;2800;0;4;12;20;28;36;40
3;1;42;802;397,60;16,57;6504;16;28;36;52;56;60;60
3;2;34;802;356,44;14,85;5384;12;24;32;32;36;36;36
4;2;34;802;420,00;17,50;4816;0;4;20;40;48;56;56
3;1;23;802;384,36;16,02;5352;16;32;32;36;40;40;44
3;2;22;802;388,94;16,21;7960;24;36;48;56;68;68;68
4;3;11;802;393,50;16,40;3600;4;4;20;28;32;32;32
4;3;32;802;391,67;16,32;5488;16;24;32;40;40;44;48
3;3;34;802;360,57;15,02;8144;20;36;44;48;52;56;56
3;3;14;802;371,71;15,49;7520;20;20;36;44;52;56;56
3;3;41;802;335,20;13,97;10248;44;52;56;56;60;60;60
4;3;23;802;355,29;14,80;10248;36;52;56;68;68;68;68
4;4;45;802;393,71;16,40;6288;4;28;40;44;56;56;56
3;4;43;802;337,14;14,05;9456;36;40;48;52;56;56;56
4;3;36;802;357,90;14,91;12440;48;64;64;68;76;80;84
4;3;46;802;417,41;17,39;6024;4;8;36;48;56;64;68
4;1;11;802;384,40;16,02;4864;16;16;16;28;32;32;40
3;2;35;802;340,00;14,17;5312;12;20;24;28;32;32;32
4;2;14;802;426,00;17,75;1280;4;4;4;4;8;12;16
3;1;31;802;352,67;14,69;7360;24;40;40;40;40;48;48
3;2;13;802;374,00;15,58;4224;20;24;24;32;32;32;32
3;2;25;802;402,00;16,75;1664;4;8;8;12;12;16;16
3;2;46;802;352,00;14,67;3696;12;24;24;24;24;24;24
3;2;21;802;335,56;13,98;6136;20;28;36;36;36;36;36
3;4;35;802;419,67;17,49;4144;4;20;24;28;32;44;48
3;1;24;802;362,86;15,12;4008;8;16;20;20;24;24;28
3;2;11;802;400,73;16,70;4632;12;20;24;36;40;40;44
3;2;45;802;416,36;17,35;3944;4;12;28;28;32;40;44
3;2;16;802;377,33;15,72;4632;12;20;24;32;36;36;36
3;3;36;802;406,00;16,92;1600;4;4;4;8;16;16;16
3;2;12;802;421,00;17,54;1360;0;8;8;8;8;16;16
4;3;15;802;420,80;17,53;1704;4;4;8;12;12;16;20
3;4;11;802;402,67;16,78;3720;4;16;20;28;32;36;36
3;4;42;802;416,00;17,33;3240;4;8;12;28;32;36;36
3;2;15;802;380,00;15,83;2520;8;12;16;16;16;16;20
4;2;21;802;418,55;17,44;3848;0;16;20;20;36;44;44
3;1;44;802;383,50;15,98;3920;12;12;28;28;32;32;32
3;1;33;802;372,80;15,53;2664;4;16;20;20;20;20;20
4;1;12;802;408,25;17,01;6256;8;24;44;48;52;56;64
4;4;25;802;373,00;15,54;8512;20;40;56;56;60;60;64
3;1;43;802;353,71;14,74;4264;16;24;24;24;24;28;28
4;3;32;802;403,33;16,81;2464;4;8;16;20;20;24;24
4;2;11;802;396,67;16,53;2624;8;12;12;16;20;20;24
3;1;12;802;366,67;15,28;1672;8;8;8;8;12;12;12
3;3;25;802;392,44;16,35;4088;8;16;28;28;36;36;36
4;4;43;802;389,50;16,23;3728;12;16;24;24;28;32;32
3;1;12;802;348,40;14,52;6304;24;28;32;32;36;36;40
3;4;36;802;372,50;15,52;4272;8;16;28;28;28;32;32
3;4;14;802;373,00;15,54;4256;16;24;28;28;28;28;32
4;1;25;802;421,60;17,57;3376;8;12;20;20;24;36;40
4;1;33;802;415,08;17,29;4728;8;16;24;32;36;48;52
3;3;11;802;371,00;15,46;4320;8;20;28;32;32;32;32
3;3;21;802;338,25;14,09;10736;40;52;56;64;64;64;64
4;3;44;802;386,29;16,10;10056;24;52;64;68;76;84;84
4;2;24;802;421,18;17,55;5768;8;12;32;44;48;64;68
3;3;41;802;377,87;15,74;7688;16;32;40;44;52;56;60
4;3;13;802;435,50;18,15;2256;0;4;12;20;20;24;32
3;4;26;802;371,20;15,47;2696;4;16;20;20;20;20;20
3;3;32;802;381,71;15,90;6960;16;24;32;48;48;52;56
4;3;45;802;377,60;15,73;7704;24;32;48;48;56;56;60
3;1;31;802;337,75;14,07;10768;44;52;60;64;64;64;64
4;3;45;802;370,55;15,44;5960;24;32;32;36;40;40;44
3;3;24;802;346,67;14,44;3824;16;16;16;20;24;24;24
3;4;14;802;373,82;15,58;5816;16;24;28;40;44;44;44
3;1;41;802;359,37;14,97;11144;44;52;64;72;76;76;76
4;3;34;802;353,60;14,73;12192;52;64;76;76;76;76;80
4;3;24;802;404,36;16,85;4472;8;12;28;32;32;44;44
4;2;46;802;398,29;16,60;6032;4;20;32;48;56;56;56
4;3;36;802;367,20;15,30;5552;20;20;28;32;36;40;40
4;1;42;802;387,20;16,13;7128;20;28;48;52;56;56;60
4;3;46;802;354,93;14,79;9064;40;56;56;56;56;60;60
3;3;22;802;370,86;15,45;3784;4;20;24;28;28;28;28
4;4;14;802;377,65;15,74;8728;24;40;52;60;60;64;68
4;2;16;802;382,80;15,95;4928;12;16;20;28;36;36;40
4;1;15;802;347,33;14,47;3808;16;16;20;20;20;20;24
4;2;35;802;405,20;16,88;4032;8;20;20;24;32;40;40
4;3;45;802;380,00;15,83;2520;8;8;8;16;20;20;20
3;2;32;802;405,50;16,90;3216;8;12;16;24;28;32;32
3;1;36;802;388,00;16,17;6136;20;24;36;40;48;52;52
3;2;12;802;392,73;16,36;4984;8;16;24;32;40;44;44
4;2;11;802;406,78;16,95;9128;16;28;32;68;72;80;92
4;4;46;802;409,33;17,06;6960;12;28;40;52;56;68;72
4;1;16;802;372,00;15,50;7504;16;32;36;44;56;56;56
4;4;35;802;411,67;17,15;4528;8;16;24;32;40;40;48
4;4;15;802;385,33;16,06;4344;12;28;28;32;32;32;36
3;3;44;802;394,00;16,42;4480;8;12;28;32;36;40;40
4;2;31;802;400,00;16,67;3816;8;8;16;28;32;36;36
3;2;41;802;401,00;16,71;5040;12;16;28;36;40;44;48
3;3;12;802;374,77;15,62;6824;16;28;40;48;52;52;52
4;4;26;802;409,54;17,06;5016;4;24;32;36;40;44;52
3;3;44;802;403,69;16,82;5320;8;24;36;36;40;48;52
4;2;25;802;426,00;17,75;3840;0;12;16;28;36;40;48
4;1;14;802;380,86;15,87;7008;16;28;36;44;52;56;56
4;1;32;802;357,65;14,90;10088;24;56;64;64;64;64;68
4;3;12;802;366,10;15,25;11752;52;56;64;76;80;84;84
3;1;33;802;378,35;15,76;8680;24;48;48;60;64;68;68
4;1;43;802;400,80;16,70;4208;8;16;24;24;32;36;40
3;1;41;802;356,00;14,83;6600;28;32;36;40;40;40;44
3;1;13;802;414,77;17,28;4744;8;16;20;28;44;48;52
3;1;36;802;394,13;16,42;6712;20;28;36;48;56;56;60
4;3;16;802;429,23;17,88;3992;8;12;20;28;32;40;52
3;2;14;802;406,91;16,95;4360;8;8;28;28;32;44;44
3;4;13;802;362,29;15,10;4024;8;24;24;24;28;28;28
4;2;15;802;438,40;18,27;1352;0;0;8;8;12;20;20
4;3;12;802;428,50;17,85;2480;4;4;16;16;20;32;32
4;3;14;802;385,71;16,07;6736;8;28;36;48;52;52;56
3;1;44;802;359,27;14,97;6456;24;28;28;36;40;44;44
3;3;31;802;353,89;14,75;11560;40;52;64;68;72;76;76
4;4;36;802;323,29;13,47;12424;40;52;60;64;68;68;68
4;3;12;802;402,55;16,77;4552;12;20;28;28;32;40;44
4;1;44;802;399,33;16,64;5120;4;12;28;36;40;40;48
3;1;45;802;350,80;14,62;6208;20;36;36;36;40;40;40
3;3;22;802;435,11;18,13;2552;4;4;16;16;24;28;36
4;4;12;802;376,89;15,70;4648;16;16;20;28;32;32;36
3;2;24;802;367,20;15,30;8328;24;36;56;56;56;56;60
4;4;32;802;326,53;13,61;13640;60;68;76;76;76;76;76
3;3;34;802;372,67;15,53;6400;20;28;32;40;48;48;48
3;3;43;802;406,74;16,95;7544;8;24;44;56;72;72;76
4;4;32;802;405,71;16,90;8424;12;24;44;72;76;80;84
3;3;16;802;412,53;17,19;5608;16;20;32;40;52;52;60
3;2;31;802;375,27;15,64;5752;16;20;28;36;40;40;44
3;1;12;802;383,75;15,99;7824;20;32;44;56;64;64;64
4;4;21;802;397,50;16,56;3472;8;16;20;20;28;28;32
3;3;33;802;380,40;15,85;10048;28;48;68;72;76;76;80
4;3;43;802;350,29;14,60;13080;56;68;72;80;80;80;84
4;4;44;802;371,38;15,47;7000;16;24;36;44;52;52;52
4;2;43;802;426,40;17,77;3184;0;8;12;20;32;40;40
3;3;12;802;368,62;15,36;7144;24;32;44;44;48;48;52
4;3;26;802;366,35;15,26;9496;28;36;56;56;60;60;68
4;1;25;802;395,76;16,49;7496;12;36;44;52;60;64;68
4;4;35;802;400,27;16,68;6344;16;28;36;40;48;56;60
3;4;36;802;360,00;15,00;11680;36;56;72;72;76;80;80
4;3;31;802;341,71;14,24;13800;64;68;84;84;84;84;84
4;2;12;802;394,22;16,43;8048;16;36;48;60;64;68;72
4;4;21;802;370,89;15,45;9728;32;44;56;68;72;72;72
3;2;42;802;385,00;16,04;3872;8;20;28;28;32;32;32
3;2;41;802;360,00;15,00;7008;24;28;36;40;44;48;48
3;1;21;802;411,20;17,13;5688;8;16;20;44;52;60;60
4;1;35;802;387,71;16,15;6624;20;32;40;48;52;52;56
4;1;43;802;384,86;16,04;6784;12;20;48;56;56;56;56
4;4;31;802;378,35;15,76;8680;28;44;48;52;56;60;68
3;2;24;802;390,46;16,27;6008;12;28;40;40;44;48;52
4;3;33;802;376,36;15,68;5704;24;32;32;36;40;40;44
4;1;21;802;388,00;16,17;9440;12;36;60;68;80;80;80
4;3;13;802;354,50;14,77;9696;32;48;60;64;64;64;64
4;1;42;802;406,00;16,92;4800;8;16;24;28;32;40;48
4;4;22;802;386,77;16,12;6200;8;28;40;44;48;52;52
3;4;35;802;403,67;16,82;4912;8;16;28;36;44;44;48
3;1;11;802;360,25;15,01;9328;32;44;56;56;60;60;64
4;4;42;802;348,92;14,54;8168;32;32;40;48;48;52;52
4;3;43;802;408,00;17,00;3920;4;12;24;28;36;40;40
3;2;15;802;370,40;15,43;10848;32;52;56;72;76;80;80
4;4;13;802;353,71;14,74;8528;32;40;48;52;56;56;56
3;2;34;802;426,50;17,77;2544;0;4;16;20;28;28;32
4;1;33;802;443,43;18,48;1752;0;0;0;12;20;28;28
3;1;32;802;370,29;15,43;7600;16;28;44;52;52;56;56
4;3;11;802;431,38;17,97;3880;0;12;20;24;36;44;52
3;2;32;802;389,33;16,22;5600;20;32;36;40;40;40;48
4;4;33;802;402,13;16,76;6232;4;12;28;48;56;60;60
3;1;16;802;375,67;15,65;6256;20;40;40;44;48;48;48
3;1;34;802;361,25;15,05;9264;32;48;56;60;64;64;64
4;4;23;802;392,57;16,36;6352;24;28;40;40;48;52;56
4;1;13;802;406,50;16,94;6368;12;20;44;52;52;52;64
4;4;45;802;396,31;16,51;5704;16;24;32;40;48;48;52
3;1;24;802;377,50;15,73;8224;20;36;52;60;64;64;64
4;4;11;802;402,00;16,75;4160;4;16;20;32;36;40;40
4;1;26;802;430,55;17,94;3320;4;4;12;20;32;44;44
4;1;32;802;405,14;16,88;5648;12;32;36;36;40;48;56
4;4;23;802;388,00;16,17;3304;8;12;20;24;28;28;28
3;3;11;802;398,15;16,59;5608;12;24;32;40;44;52;52
4;4;33;802;416,40;17,35;3584;8;8;16;24;32;36;40
4;1;24;802;374,67;15,61;4728;12;20;28;36;36;36;36
3;4;34;802;396,80;16,53;4368;16;20;28;28;28;40;40
4;4;31;802;402,67;16,78;2480;8;8;12;12;16;20;24
3;1;25;802;363,33;15,14;3424;4;12;16;24;24;24;24
3;2;42;802;398,86;16,62;3000;4;12;20;24;28;28;28
4;3;34;802;402,67;16,78;4960;8;24;32;36;44;44;48
3;1;22;802;384,00;16,00;4392;8;20;28;32;36;36;36
3;3;42;802;396,31;16,51;5704;16;20;40;40;44;52;52
4;3;46;802;384,25;16,01;7792;20;28;48;52;64;64;64
4;1;45;802;420,67;17,53;2048;4;4;16;16;16;16;24
3;4;22;802;412,00;17,17;1880;4;4;12;12;16;16;20
3;2;31;802;377,25;15,72;8240;32;40;48;52;56;56;64
4;4;14;802;437,33;18,22;824;0;4;4;4;4;12;12
3;4;33;802;411,38;17,14;4920;12;12;16;36;40;52;52
4;4;23;802;396,31;16,51;5704;8;20;36;44;52;52;52
3;1;45;802;369,75;15,41;8720;28;36;52;56;60;64;64
4;2;46;802;359,25;14,97;9392;32;36;56;60;64;64;64
4;3;33;802;369,11;15,38;9856;44;52;56;56;64;72;72
3;4;44;802;390,40;16,27;2312;4;12;12;16;20;20;20
4;2;22;802;390,57;16,27;6464;16;24;36;36;48;52;56
4;1;36;802;385,18;16,05;8216;20;24;44;60;68;68;68
4;4;16;802;382,00;15,92;6944;20;28;44;48;52;56;56
3;2;11;802;389,67;16,24;5584;12;24;32;32;44;48;48
3;1;34;802;391,06;16,29;7816;16;40;44;52;60;68;68
3;3;42;802;385,14;16,05;6768;12;32;40;44;52;56;56
3;1;46;802;374,40;15,60;7896;20;36;44;48;56;60;60
3;1;45;802;376,33;15,68;6224;24;24;32;44;48;48;48
3;2;42;802;389,33;16,22;5600;16;28;36;36;40;44;48
3;4;21;802;376,00;15,67;7280;20;32;44;48;52;52;56
4;4;26;802;354,22;14,76;10928;44;44;56;64;64;72;72
3;4;21;802;375,50;15,65;8352;32;40;44;52;52;60;64
4;4;36;802;380,60;15,86;10032;32;44;52;64;68;76;80
3;3;15;802;376,84;15,70;9816;32;44;56;64;64;72;76
4;4;33;802;390,48;16,27;9704;24;40;60;72;76;76;84
3;1;35;802;406,46;16,94;5176;16;20;32;36;40;48;52
4;1;44;802;400,00;16,67;5512;12;24;28;36;44;52;52
3;3;26;802;384,29;16,01;6816;20;32;40;40;40;52;56
4;2;34;802;418,91;17,45;3832;0;8;20;28;36;44;44
4;4;36;802;413,60;17,23;5544;12;24;28;40;44;52;60
3;2;44;802;344,67;14,36;11616;36;52;64;64;68;72;72
4;3;44;802;388,53;16,19;7048;20;28;44;52;56;56;60
4;3;44;802;400,00;16,67;5512;8;20;24;36;40;44;52
3;3;13;802;402,74;16,78;7848;16;32;40;48;56;64;76
4;4;46;802;394,74;16,45;8456;16;24;48;72;76;76;76
4;2;23;802;384,75;16,03;7760;20;24;40;44;52;64;64
3;3;14;802;381,40;15,89;9968;20;40;56;68;76;80;80
4;4;43;802;382,00;15,92;8928;28;36;48;56;68;72;72
4;4;22;802;426,29;17,76;4464;4;4;16;32;48;56;56
4;2;42;802;418,57;17,44;4896;4;20;28;36;44;48;56
3;3;22;802;384,71;16,03;8248;16;40;48;60;60;60;68
3;1;42;815;405,54;16,90;5224;12;20;28;36;48;48;52
4;4;21;815;403,33;16,81;2464;0;8;8;20;24;24;24
3;4;26;815;399,33;16,64;2560;0;4;24;24;24;24;24
3;1;33;815;396,29;16,51;6144;8;24;32;44;52;52;56
4;1;44;815;421,33;17,56;2032;0;0;12;16;20;24;24
3;2;15;815;407,25;16,97;6320;12;20;40;48;56;60;64
4;3;23;815;470,67;19,61;424;0;0;0;0;4;8;12
4;2;46;815;397,78;16,57;3896;8;16;24;24;24;28;36
3;2;22;815;402,29;16,76;5808;8;20;36;40;52;52;56
4;2;13;815;444,80;18,53;1224;0;0;0;4;16;20;20
4;1;32;815;415,20;17,30;1816;4;12;12;12;12;16;20
3;2;33;815;399,43;16,64;5968;8;24;32;44;52;52;56
3;3;23;815;410,00;17,08;3840;12;12;16;24;32;36;40
3;4;24;815;364,67;15,19;3392;12;20;20;20;20;20;24
3;3;16;815;405,33;16,89;3624;8;20;24;24;28;32;36
3;1;31;815;376,50;15,69;8288;28;40;52;52;60;64;64
3;2;35;815;412,00;17,17;2256;4;4;16;20;20;24;24
3;2;11;815;393,71;16,40;6288;16;20;32;48;52;52;56
3;4;35;815;405,60;16,90;2008;0;4;12;16;20;20;20
3;1;14;815;390,13;16,26;6952;12;28;44;52;56;56;60
4;3;42;815;408,57;17,02;2728;0;8;16;24;24;24;28
4;3;33;815;356,00;14,83;600;4;4;4;4;4;4;4
3;4;22;815;398,22;16,59;3880;16;20;20;24;24;32;36
4;3;46;815;422,22;17,59;3016;8;8;12;12;24;32;36
4;4;35;815;392,50;16,35;3632;8;12;16;28;32;32;32
4;4;34;815;437,71;18,24;1912;0;0;4;12;20;28;28
4;1;34;815;412,80;17,20;1864;0;0;8;20;20;20;20
3;3;14;815;401,33;16,72;3768;8;12;16;28;32;36;36
4;4;12;815;410,91;17,12;4184;4;12;16;40;44;44;44
4;2;35;815;437,33;18,22;824;0;0;4;4;8;8;12
3;1;15;815;390,86;16,29;6448;16;24;40;44;52;56;56
3;3;15;815;410,00;17,08;2304;4;8;12;16;20;20;24
4;2;33;815;440,50;18,35;2096;0;4;8;12;24;28;32
4;1;41;815;421,60;17,57;1688;4;4;8;12;12;20;20
4;2;11;815;412,44;17,19;3368;4;4;12;20;28;36;36
3;1;24;815;373,71;15,57;7408;16;40;56;56;56;56;56
3;3;31;815;408,00;17,00;3528;4;8;28;28;28;32;36
4;2;21;815;426,00;17,75;2560;0;4;16;20;24;28;32
4;3;15;815;403,43;16,81;2872;8;12;16;16;16;24;28
3;4;42;815;411,27;17,14;4168;4;12;28;36;36;40;44
3;4;23;815;353,00;14,71;4896;20;24;24;24;32;32;32
4;2;14;815;398,86;16,62;3000;4;12;20;24;24;28;28
3;1;45;815;370,80;15,45;5408;12;16;28;36;40;40;40
4;3;32;815;426,00;17,75;1280;0;4;4;4;16;16;16
3;2;16;815;423,20;17,63;3312;0;12;20;20;32;40;40
4;2;34;815;376,00;15,67;3120;4;16;16;24;24;24;24
3;4;41;815;318,00;13,25;1504;4;4;4;4;8;8;8
3;3;11;815;421,00;17,54;2720;0;8;8;20;28;32;32
3;3;35;815;406,15;16,92;5192;4;12;32;36;40;48;52
4;3;22;815;430,80;17,95;3008;8;8;12;20;24;36;40
3;2;15;815;416,00;17,33;3240;4;12;16;20;32;32;36
4;1;13;815;372,50;15,52;4272;16;20;24;24;24;32;32
3;4;21;815;410,80;17,12;3808;4;12;20;28;32;40;40
3;2;26;815;420,00;17,50;1376;4;4;8;8;12;12;16
3;3;45;815;396,31;16,51;5704;8;16;28;36;36;48;52
3;2;14;815;421,33;17,56;2032;4;8;12;12;12;20;24
3;1;34;815;397,43;16,56;6080;12;24;32;40;52;56;56
3;3;44;815;405,14;16,88;2824;0;8;20;24;24;28;28
4;3;43;815;408,00;17,00;2352;4;8;12;16;24;24;24
4;2;23;815;421,71;17,57;2360;4;4;4;20;24;24;28
4;2;45;815;415,00;17,29;1456;0;4;8;8;16;16;16
4;1;22;815;414,00;17,25;736;0;0;4;4;8;8;8
4;4;13;815;420,00;17,50;1720;0;8;8;12;16;16;20
4;4;42;815;430,22;17,93;2728;4;8;8;16;24;32;36
3;2;45;815;379,11;15,80;9136;16;44;56;68;72;72;72
4;4;14;815;386,75;16,11;7632;12;32;48;52;56;64;64
4;2;31;815;398,00;16,58;2592;12;12;16;16;16;20;24
4;1;24;815;426,40;17,77;1592;0;4;8;16;16;16;20
3;2;32;815;416,89;17,37;3208;8;12;16;24;28;32;36
4;2;15;815;440,00;18,33;264;0;0;0;0;4;4;4
3;3;42;815;356,50;14,85;4784;4;24;24;32;32;32;32
3;1;23;815;356,31;14,85;7784;16;36;48;52;52;52;52
4;4;15;815;424,44;17,69;2936;0;8;12;20;28;36;36
3;1;32;815;380,44;15,85;4520;12;16;32;32;36;36;36
4;4;25;815;390,50;16,27;3696;4;12;24;28;32;32;32
3;2;32;815;396,27;16,51;6584;16;20;32;40;60;60;60
3;4;45;815;396,89;16,54;3928;8;12;20;24;36;36;36
3;4;43;815;385,78;16,07;4328;8;12;20;20;28;32;36
3;3;34;815;383,20;15,97;2456;4;12;16;20;20;20;20
3;1;25;815;408,00;17,00;4704;12;24;24;40;40;40;48
4;2;36;815;424,00;17,67;1640;0;0;4;16;16;20;20
3;3;25;815;379,69;15,82;6568;16;24;44;48;48;48;52
3;4;36;815;412,40;17,18;3744;4;12;24;28;28;36;40
4;4;31;815;418,00;17,42;2112;0;8;12;16;16;24;24
3;2;21;815;397,87;16,58;6488;12;32;40;48;52;52;60
4;1;31;815;404,80;16,87;2024;0;0;12;20;20;20;20
4;3;12;815;396,80;16,53;2184;4;4;4;12;16;20;20
3;2;12;815;398,82;16,62;7288;12;24;52;52;64;68;68
3;3;45;815;400,89;16,70;3784;8;12;20;32;32;32;36
3;1;41;815;413,88;17,25;6264;12;16;36;40;56;68;68
4;4;46;815;413,71;17,24;5168;8;8;20;24;40;52;56
3;3;12;815;376,00;15,67;3640;4;16;24;28;28;28;28
4;1;36;815;416,67;17,36;4288;0;12;24;36;40;44;48
4;1;15;815;411,27;17,14;4168;0;20;20;28;36;44;44
3;4;34;815;406,00;16,92;4000;8;16;24;24;32;36;40
4;3;34;815;403,20;16,80;2056;4;4;16;16;16;20;20
3;2;23;815;389,14;16,21;3272;4;8;16;20;20;24;28
4;3;45;815;403,69;16,82;5320;12;20;28;36;36;48;52
3;2;25;815;411,60;17,15;3776;0;12;24;28;40;40;40
4;4;24;815;428,67;17,86;1856;0;0;0;16;20;24;24
3;2;42;815;407,53;16,98;6696;12;20;44;56;60;64;68
4;2;25;815;426,00;17,75;640;0;0;0;4;8;8;8
4;1;46;815;420,00;17,50;1032;0;4;4;4;12;12;12
3;3;41;815;411,60;17,15;3776;4;12;16;28;40;40;40
4;1;16;815;412,89;17,20;3352;4;12;20;24;28;32;36
3;4;12;815;348,00;14,50;632;4;4;4;4;4;4;4
4;4;45;815;421,71;17,57;2360;4;12;12;16;16;20;28
3;2;42;815;407,64;16,98;4328;4;16;16;28;36;44;44
3;2;13;815;433,00;18,04;3504;4;12;20;20;32;36;48
4;1;26;815;454,00;18,92;832;0;0;0;0;12;16;16
3;3;46;815;401,82;16,74;4584;12;16;24;24;36;44;44
4;1;45;815;423,00;17,63;1328;0;0;4;12;16;16;16
3;1;12;815;436,57;18,19;3888;0;4;8;24;44;56;56
4;2;43;815;419,20;17,47;1736;4;8;8;12;12;16;20
4;2;32;815;390,67;16,28;1384;0;8;8;12;12;12;12
4;2;24;815;436,40;18,18;2784;0;8;12;20;24;36;40
3;1;16;815;417,00;17,38;4272;4;8;20;36;40;44;48
4;4;22;815;416,00;17,33;1080;0;8;8;8;8;8;12
4;4;44;815;400,80;16,70;2104;4;12;12;16;16;20;20
4;4;41;815;384,00;16,00;3904;8;12;20;28;28;28;32
4;1;33;815;401,33;16,72;2512;0;4;16;24;24;24;24
3;2;43;815;410,00;17,08;3072;4;16;16;20;28;28;32
3;4;44;815;392,67;16,36;2720;4;12;16;16;16;16;24
4;2;42;815;414,29;17,26;2568;8;8;16;16;24;28;28
4;3;11;815;398,40;16,60;2152;4;4;12;16;16;16;20
4;4;33;815;446,67;18,61;1424;0;4;4;8;12;20;24
3;2;23;815;421,78;17,57;3032;4;4;12;24;32;32;36
4;1;35;815;452,00;18,83;432;0;0;0;4;4;8;8
3;2;44;815;396,80;16,53;2184;0;8;8;20;20;20;20
3;3;16;815;411,50;17,15;3024;0;12;20;24;24;32;32
3;3;24;815;414,86;17,29;2552;4;4;12;20;24;28;28
3;3;35;815;415,33;17,31;4352;4;8;28;36;40;40;48
4;4;23;815;390,67;16,28;1384;4;4;8;12;12;12;12
3;2;23;815;410,86;17,12;2664;4;12;16;20;20;24;28
4;2;44;815;397,78;16,57;3896;4;8;28;28;36;36;36
3;3;26;815;377,33;15,72;3088;8;16;16;24;24;24;24
3;3;43;815;378,67;15,78;3056;4;8;16;20;20;24;24
4;3;35;815;412,00;17,17;3384;4;4;20;24;36;36;36
3;3;13;815;408,80;17,03;3888;4;8;20;36;36;36;40
4;4;43;815;382,00;15,92;1984;4;4;8;12;12;12;16
3;2;22;815;392,00;16,33;4560;12;16;20;36;36;36;40
4;3;16;815;387,00;16,13;3808;8;16;20;32;32;32;32
4;3;41;815;430,93;17,96;4504;4;12;20;32;40;48;60
3;3;22;815;407,43;16,98;2760;4;8;16;16;28;28;28
4;1;25;815;435,08;18,13;3688;4;12;20;28;28;36;52
3;3;33;815;403,60;16,82;4096;4;20;28;32;36;40;40
4;3;14;815;433,71;18,07;2024;0;4;12;12;24;24;28
3;2;34;815;425,20;17,72;3232;0;8;20;28;28;32;40
4;2;12;815;422,67;17,61;2000;8;8;8;12;16;16;24
3;2;46;815;408,00;17,00;1960;0;8;8;16;20;20;20
3;3;26;815;416,00;17,33;4320;0;16;20;32;44;44;48
4;2;16;815;430,29;17,93;2120;0;0;16;16;20;24;28
3;4;14;815;373,71;15,57;3704;8;12;20;24;24;28;28
4;4;26;815;405,33;16,89;3624;12;12;16;28;28;32;36
3;1;43;815;407,00;16,96;4752;8;16;24;36;44;44;48
4;3;25;815;392,44;16,35;4088;8;8;24;32;32;36;36
3;4;33;815;398,67;16,61;3864;12;16;20;24;28;32;36
4;4;16;815;424,00;17,67;2296;4;8;8;8;16;24;28
3;1;22;815;382,00;15,92;4960;20;20;28;36;40;40;40
4;1;14;815;419,00;17,46;1392;4;4;8;8;8;16;16
3;4;46;815;452,00;18,83;648;0;0;0;8;8;8;12
3;2;33;815;410,75;17,11;6096;8;16;36;48;52;56;64
4;1;42;815;394,00;16,42;1792;4;8;8;12;16;16;16
4;2;41;815;432,57;18,02;2056;0;0;8;20;20;24;28
3;1;44;815;400,00;16,67;2120;0;4;12;20;20;20;20
4;3;13;815;428,50;17,85;2480;4;4;12;12;16;20;32
3;1;13;815;363,20;15,13;2856;12;12;12;12;12;20;20
4;2;22;815;379,00;15,79;2032;4;12;12;12;16;16;16
3;1;46;815;384,92;16,04;6296;20;24;36;40;48;48;52
3;3;36;815;418,50;17,44;5600;4;12;28;44;52;56;64
4;3;26;815;355,00;14,79;2416;12;12;12;16;16;16;16
3;1;21;815;359,56;14,98;5272;12;24;32;36;36;36;36
4;1;43;815;397,14;16,55;3048;8;12;16;24;28;28;28
3;2;13;815;422,33;17,60;4016;4;8;20;32;36;44;48
3;1;36;815;381,33;15,89;5984;16;24;40;44;48;48;48
3;3;32;815;424,00;17,67;3280;0;4;16;28;36;40;40
3;4;16;815;424,00;17,67;1312;0;4;8;8;12;16;16
3;2;41;815;397,00;16,54;6976;12;28;44;52;60;64;64
3;1;35;815;368,00;15,33;7728;20;32;48;52;56;56;56
3;4;11;815;394,67;16,44;2672;4;12;20;20;20;24;24
4;1;21;815;407,33;16,97;2368;8;8;8;12;16;16;24
3;4;25;815;420,80;17,53;1704;4;4;8;12;16;16;20
3;2;35;815;354,67;14,78;5448;12;20;24;28;36;36;36
4;4;32;815;452,00;18,83;864;0;0;0;8;8;12;16
3;4;15;815;450,67;18,78;664;0;0;0;4;8;12;12
3;2;43;815;424,50;17,69;2608;4;4;12;20;20;24;32
3;1;26;815;393,09;16,38;4968;12;20;28;36;44;44;44
4;3;44;815;408,00;17,00;2352;4;8;16;16;20;20;24
3;2;45;815;406,67;16,94;2384;4;8;16;16;20;20;24
4;4;11;815;NaN;NaN;0;0;0;0;0;0;0;0
4;1;11;815;422,40;17,60;1672;4;4;4;12;12;20;20
3;2;24;815;400,00;16,67;2968;4;4;8;20;24;24;28
3;3;36;815;409,60;17,07;1928;4;8;8;16;16;20;20
3;2;25;815;428,00;17,83;936;0;0;8;8;8;12;12
3;3;46;815;419,08;17,46;4520;8;12;16;28;48;52;52
4;4;36;815;390,67;16,28;4152;8;20;32;32;32;32;36
4;4;14;815;442,00;18,42;2560;4;4;12;16;20;32;40
3;2;31;815;395,00;16,46;5328;16;24;28;36;44;48;48
4;3;21;815;409,00;17,04;3104;4;4;12;16;28;32;32
3;4;13;815;396,40;16,52;4384;4;12;24;32;32;40;40
4;3;36;815;376,67;15,69;3104;8;16;24;24;24;24;24
3;4;32;815;405,60;16,90;2008;0;0;12;20;20;20;20
3;4;31;815;386,67;16,11;2864;8;12;20;20;20;24;24
4;3;24;815;398,40;16,60;4304;4;16;28;28;32;36;40
4;1;12;815;409,33;17,06;1160;4;4;4;4;12;12;12
4;1;23;815;394,55;16,44;4904;4;24;28;32;36;44;44
3;3;14;812;419,08;17,46;4520;0;4;24;28;52;52;52
3;4;46;812;394,77;16,45;5784;8;20;36;48;52;52;52
4;1;36;812;448,00;18,67;232;0;0;0;0;4;4;4
4;1;25;812;388,00;16,17;7080;24;24;28;44;56;56;60
3;4;13;812;388,27;16,18;7064;16;32;40;52;60;60;60
4;1;42;812;388,00;16,17;7552;8;28;40;60;64;64;64
3;4;45;812;387,47;16,14;7112;20;28;40;48;52;52;60
3;4;44;812;367,64;15,32;12176;44;60;76;84;84;84;88
4;2;21;812;394,53;16,44;8472;4;32;52;68;68;72;76
4;2;22;812;387,00;16,13;9520;24;48;60;68;72;76;80
3;4;33;812;386,82;16,12;8104;24;36;44;56;64;64;68
4;1;15;812;395,79;16,49;8376;16;28;52;60;72;72;76
4;1;32;812;388,31;16,18;6120;16;28;40;40;44;52;52
4;2;44;812;394,00;16,42;7168;24;32;40;48;56;56;64
3;3;34;812;416,00;17,33;5040;4;12;16;48;52;52;56
4;2;16;812;424,00;17,67;3936;8;12;24;28;32;32;48
4;1;43;812;378,00;15,75;11264;44;48;64;68;76;88;88
3;4;42;812;372,47;15,52;9080;28;36;40;64;68;68;68
3;4;12;812;376,63;15,69;9832;36;40;64;72;72;76;76
3;1;46;812;339,37;14,14;12664;36;56;68;72;72;76;76
3;4;16;812;423,58;17,65;6264;12;16;28;36;52;64;76
4;1;22;812;378,89;15,79;9152;24;44;56;72;72;72;72
4;2;46;812;395,06;16,46;7544;24;32;44;48;56;60;68
4;2;33;812;386,35;16,10;8136;16;32;48;64;64;64;68
3;1;36;812;397,45;16,56;4776;4;20;28;32;40;44;44
4;1;21;812;397,14;16,55;6096;12;24;36;48;52;52;56
4;2;43;812;393,26;16,39;8568;20;40;52;60;64;64;76
3;4;41;812;427,79;17,82;5944;4;12;24;44;64;68;76
3;4;24;812;403,47;16,81;6152;8;16;24;48;52;60;60
4;2;35;812;384,00;16,00;6832;12;32;44;48;48;52;56
4;2;42;812;393,87;16,41;6728;16;28;44;52;56;56;60
4;2;13;812;389,71;16,24;6512;16;32;32;44;48;56;56
3;4;15;812;373,33;15,56;9552;28;44;52;64;68;68;72
4;2;26;812;396,29;16,51;6144;4;20;40;48;52;56;56
3;4;34;812;360,00;15,00;8176;16;28;44;48;52;52;56
3;4;35;812;387,37;16,14;9016;20;40;56;64;68;72;76
4;1;13;812;396,92;16,54;5672;12;20;40;40;44;52;52
4;1;31;812;395,45;16,48;9728;16;40;60;72;84;88;88
3;4;14;812;426,00;17,75;5120;0;8;28;40;48;56;64
3;4;32;812;422,00;17,58;5376;4;4;28;36;52;60;64
4;2;12;812;407,38;16,97;5128;12;20;28;36;44;52;52
3;4;43;812;404,00;16,83;8160;16;28;48;60;68;72;80
3;4;23;812;409,25;17,05;6192;4;16;40;44;48;56;64
4;1;44;812;406,75;16,95;6352;12;36;40;40;44;56;64
3;3;44;812;401,71;16,74;5840;12;20;24;36;40;48;56
3;4;25;812;392,67;16,36;8160;20;36;52;60;60;68;72
4;1;35;812;407,53;16,98;6696;12;24;32;48;56;64;68
3;4;22;812;413,33;17,22;4448;4;12;24;28;44;48;48
4;1;24;812;373,18;15,55;9032;24;36;40;52;60;60;68
4;2;23;812;378,67;15,78;10696;24;44;64;76;84;84;84
4;1;34;812;374,67;15,61;3152;12;12;20;20;24;24;24
4;2;34;812;415,27;17,30;3992;12;16;20;28;28;32;44
4;2;32;812;405,18;16,88;6856;8;28;36;48;60;68;68
4;1;12;812;379,33;15,81;9120;28;32;48;60;72;72;72
4;1;14;812;398,67;16,61;6440;24;24;32;32;48;56;60
4;1;16;812;387,75;16,16;7568;20;44;48;52;56;64;64
3;4;21;812;395,76;16,49;7496;20;24;36;56;64;68;68
4;2;25;812;425,26;17,72;6136;4;20;32;40;56;68;76
4;2;15;812;413,54;17,23;4808;8;16;28;36;44;44;52
4;2;24;812;380,94;15,87;8504;16;40;52;64;68;68;68
3;4;36;812;413,64;17,23;8128;12;24;32;52;68;80;88
3;3;24;812;373,60;15,57;5296;12;20;32;32;40;40;40
4;2;36;812;338,59;14,11;11384;44;56;68;68;68;68;68
4;1;46;812;374,55;15,61;5784;16;32;40;44;44;44;44
4;1;26;812;354,00;14,75;9728;36;40;60;64;64;64;64
3;4;26;812;408,63;17,03;7400;12;24;40;56;64;68;76
4;2;31;812;372,94;15,54;9048;20;40;56;64;64;64;68
3;3;15;812;399,38;16,64;5544;8;20;32;40;44;52;52
3;4;31;812;421,50;17,56;2704;8;8;12;16;20;24;32
4;2;45;812;394,60;16,44;8912;20;40;56;56;64;68;80
4;1;45;812;395,56;16,48;7952;20;24;52;64;64;64;72
4;2;14;812;394,67;16,44;6680;12;20;44;52;60;60;60
4;2;41;812;368,76;15,37;11528;40;48;64;76;80;84;84
4;1;33;812;384,29;16,01;6816;16;24;36;44;48;52;56
4;1;23;812;405,60;16,90;6024;16;28;32;40;52;56;60
4;1;41;812;344,19;14,34;13592;56;76;80;84;84;84;84
;;;"RECHERCHEV(C2;$U$3:$W$15;3;VRAI)";;;;;;;;;;
